{"cameraMode":{"drawMode":0,"name":"Shaded","section":"Shading Mode"},"sceneLighting":false,"audioPlay":false,"sceneViewState":{"m_AlwaysRefresh":false,"showFog":true,"showSkybox":false,"showFlares":true,"showImageEffects":true,"showParticleSystems":true,"showVisualEffectGraphs":true,"m_FxEnabled":true},"in2DMode":false,"pivot":{"x":-0.07941246032714844,"y":0.5979067087173462,"z":0.5678539276123047},"rotation":{"x":0.22316841781139375,"y":-0.668635904788971,"z":0.22143779695034028,"w":0.6738625168800354},"size":5.087836265563965,"orthographic":false}