{"cameraMode":{"drawMode":0,"name":"Shaded","section":"Shading Mode"},"sceneLighting":false,"audioPlay":false,"sceneViewState":{"m_AlwaysRefresh":false,"showFog":true,"showSkybox":false,"showFlares":true,"showImageEffects":true,"showParticleSystems":true,"showVisualEffectGraphs":true,"m_FxEnabled":true},"in2DMode":false,"pivot":{"x":-0.01603984832763672,"y":-0.0968632698059082,"z":0.13975763320922852},"rotation":{"x":0.0540916807949543,"y":-0.08378265053033829,"z":0.004554722458124161,"w":0.9950062036514282},"size":4.5984721183776859,"orthographic":false}