{"cameraMode":{"drawMode":0,"name":"Shaded","section":"Shading Mode"},"sceneLighting":false,"audioPlay":false,"sceneViewState":{"m_AlwaysRefresh":false,"showFog":true,"showSkybox":false,"showFlares":true,"showImageEffects":true,"showParticleSystems":true,"showVisualEffectGraphs":true,"m_FxEnabled":true},"in2DMode":false,"pivot":{"x":-0.44095468521118166,"y":1.110853910446167,"z":0.04007434844970703},"rotation":{"x":0.22316841781139375,"y":-0.668635904788971,"z":0.22143779695034028,"w":0.6738625168800354},"size":9.100086212158204,"orthographic":false}